,Tweets
0,"RT @SwickSpeak: Retired Americans living off their 401K, 457K, and IRA accounts now have seen about a 28% drop in their net worth due to th‚Ä¶"
1,RT @momsbsm1: Another response I needed to retweet! Our lives are not worth our jobs!!!! We need to start working to live! NOT LIVING TO WO‚Ä¶
2,"RT @issaburnerpal: love is a verb, that exists only in loving actions and not passive feelings. 

life isn‚Äôt really worth living if we don‚Äô‚Ä¶"
3,"RT @InadeBree: ‚Äò‚Ä¶and if I say that the greatest good of a man is daily to converse about virtue, (‚Ä¶) and that the life which is unexamined‚Ä¶"
4,"RT @baharasadipour: All in all, thank you for reminding us what a beautiful nation we are, taking back our dignity with the most peaceful s‚Ä¶"
5,"RT @mac123_m: A nations worth should not be measured by flags, trumpets, pomp &amp; circumstance. 

A nations worth should be measured by the w‚Ä¶"
6,"RT @allyally505: @genlaflare americans who don‚Äôt have any type of ties to Mexico, and are not contributing to their economy at all. if they‚Ä¶"
7,"RT @Daddy_Ssandy: Being on twitter and chasing shit chasing subs, money, connections or whatever- it's just not worth it

I'm living my bes‚Ä¶"
8,"RT @Inna_Hengari: ‚ÄúI've devoted my life to see equality for blacks, and at the same time, I've denied the needs of my family. Please unders‚Ä¶"
9,RT @philosophytweet: ‚ÄúThe unexamined life is not worth living‚Äù ‚Äì Socrates
10,"RT @sukhvin50992233: The unexamined life is not worth living.
#ShehnaazGill 
#SidharthShukIa 
 #3YearsOfSidNaaz"
11,"RT @mindsetofphilos: ‚ÄúThe unexamined life is not worth living.‚Äù
‚Äï Socrates"
12,"RT @Mirwaiskk: Sometimes letting go and forgiving can be very liberating. 
Holding on to toxic memories and traumas drain all the energy. I‚Ä¶"
13,"RT @GurjitkaurP: ‚ÄúI know you can't live on hope alone. But without hope, life is not worth living. So you, and you and you: You got to give‚Ä¶"
14,"RT @MistaChika: Peter Obi has been deliberate about his life choices for someone who had no initial plan to be a politician.

He prepared h‚Ä¶"
15,"RT @cmpuls3: Victory Lap is one of our best shows ever. We are doing some really great stuff at DPW and I‚Äôm very proud of it

It‚Äôs definite‚Ä¶"
16,"RT @UmarAlam02: The unexamined life is not worth living."" 

VOTE FOR UMER AALAM 
 #UmerAalam #UmerHolics"
17,"RT @lonesomefren: mi dont understand why some people are afraid of failing at new things. everything you try in life, every story and memor‚Ä¶"
18,"RT @foreverluv1227: An unexamined life is not worth living. #3YearsOfSidNaaz
#SidharthShukla
#ShehnaazGill
#SidNaaz"
19,"RT @Dsylxia: Weak and foolish men desire slavery in the heart of their women; because they do not, and cannot know, that a woman in love wi‚Ä¶"
20,"RT @RealEBJohnson: ‚ÄúThe unexamined life is not worth living.‚Äù  ‚Äï Socrates 

(image by mstandret) https://t.co/7QscwBATzU"
21,"RT @_praiseking: @g_makuachukwu3 @officialABAT An enabling environment?
An environment that reeks of drugs, incompetency, Parkinson's, corr‚Ä¶"
22,RT @thomasyanushon4: @kenyladyde It's not worth it and the American people and the country is not ready for it either these people must be‚Ä¶
23,"RT @SKAFROZAHMED3: An unexamined life is not worth living

MKJW LOVES MUNAWAR"
24,RT @Robertveitch9: @gretchenwhitmer Unlike Whitmer millions of Michiganders are being pushed into poverty by the Dem party. Her net worth h‚Ä¶
25,RT @MzRowdy22: I‚Äôm not bout to apologize for being me and living in my sexuality if it makes you uncomfortable unfollow or block me this sh‚Ä¶
26,"RT @SAKabirIsGOD: #GodMorningTuesday

The Way Of Living Book üìö is worth keeping in every house. Untimely death will not happen to the devot‚Ä¶"
27,"RT @offlinehoon: An unexamined life is not worth living
Asfah..

MKJW LOVES MUNAWAR"
